,LIMIT_BAL,AGE,BILL_AMT1,BILL_AMT2,BILL_AMT3,BILL_AMT4,BILL_AMT5,BILL_AMT6,PAY_AMT1,PAY_AMT2,PAY_AMT3,PAY_AMT4,PAY_AMT5,PAY_AMT6,SEX_female,EDUCATION_graduate school,MARRIAGE_married,PAY_0_3 month delay,PAY_2_2 month delay,PAY_3_2 month delay,PAY_4_3 month delay,PAY_5_3 month delay,PAY_6_3 month delay
0,2.246389527374399,0.4814326890001476,-0.6611200820304906,-0.6579581428064933,-0.6518833110383663,-0.6377758845259835,-0.6228671928169671,-0.6091792544598017,-0.3607906367043029,-0.2823253702675709,-0.3152025482858844,-0.31903835147746146,-0.3190744639948496,-0.270535966351315,1,1,1,1,1,1,1,1,1
